Data curenta,  ASRock Radeon Challenger ITX RX 6600 8GB GDDR6 1â€Ž28bit (RX6600XT CLI 8G)  ,  ASRock Radeon RX 6600 XT 8GB GDDR6 (RX6600XT CLD 8GO)  ,  ASUS GeForce GT 1030 OC 2GB GDDR5 64bit (PH-GT1030-O2G)  ,  ASUS GeForce GTX 1050 Ti 4GB GDDR5 128bit (CERBERUS-GTX1050TI-A4G)  ,  ASUS GeForce GTX 1050 Ti 4GB GDDR5 128bit (PH-GTX1050TI-4G)  ,  ASUS GeForce GTX 1050 Ti OC 4GB GDDR5 128bit (CERBERUS-GTX1050TI-O4G)  ,  ASUS GeForce GTX 1650 4GB GDDR6 OC (DUAL-GTX1650-O4GD6-MINI)  ,  ASUS GeForce GTX 1650 4GB GDDR6 OC (TUF-GTX1650-O4GD6-P-GAMING)  ,  ASUS GeForce GTX 1650 DUAL 4GB GDDR5 128bit (DUAL-GTX1650-4G)  ,  ASUS GeForce GTX 1650 SUPER 4GB OC GDDR6 (TUF-GTX1650S-O4G-GAMING)  ,  ASUS GeForce GTX 1660 OC 6GB GDDR5 (PH-GTX1660-O6G)  ,  ASUS GeForce GTX 1660 Ti 6GB DDR6 192bit (TUF-GTX1660TI-T6G-EVO-GAMING)  ,  ASUS GeForce GTX 1660 Ti 6GB GDDR6 192bit (TUF-GTX1660TI-6G-EVO-GAMING)  ,  ASUS GeForce Pheonix V2 RTX 3060 12GB GDDR6 192bit (PH-RTX3060-12G-V2)  ,  ASUS GeForce RTX 2060 DUAL OC EVO 6GB GDDR6 192bit (DUAL-RTX2060-O6G-EVO)  ,  ASUS GeForce RTX 3060 TI 8GB GDDR6 256bit LHR (DUAL-RTX3060TI-O8G-V2)  ,  ASUS GeForce RTX 3060 Ti 8GB OC GDDR6 256bit LHR (DUAL-RTX3060TI-O8G-MINI-V2)  ,  ASUS GeForce RTX 3060 Ti 8GB OC GDDR6 256bit LHR (TUF-RTX3060TI-O8G-V2-GAMING)  ,  ASUS GeForce RTX 3070 Ti 8GB OC GDDR6X 256bit (ROG-STRIX-RTX3070TI-O8G-GAMING)  ,  ASUS GeForce RTX 3070 Ti OC 8GB GDDR6X 256bit (TUF-RTX3070TI-O8G-GAMING)  ,  ASUS GeForce RTX 3080 10GB GDDR6X 320bit LHR (ROG-STRIX-RTX3080-O10G-V2-GAMING)  ,  ASUS GeForce RTX 3080 10GB OC GDDR6X 320bit (TUF-RTX3080-O10G-V2-GAMING)  ,  ASUS GeForce RTX 3080 Ti 12GB OC GDDR6X 384bit (TUF-RTX3080TI-O12G-GAMING)  ,  ASUS GeForce RTX 3080 Ti OC 12GB GDDR6X 384bit (ROG-STRIX-RTX3080TI-O12G-GAMING)  ,  ASUS GeForce RTX 3090 24GB GDDR6X 384bit (ROG-STRIX-RTX3090-O24G-GAMING)  ,  ASUS RTX 3070 8GB GDDR6 (GC31R-052)  ,  ASUS Radeon RX 6600 8GB GDDR6 128bit (DUAL-RX6600-8G)  ,  ASUS Radeon RX 6600 XT 8GB OC GDDR6 128bit (ROG-STRIX-RX6600XT-O8G-GAMING)  ,  BIOSTAR Radeon RX 550 4GB GDDR5 128bit (VA5505RF41)  ,  BIOSTAR Radeon RX 550 4GB GDDR5 128bit (VA5515RF41)  ,  EVGA GeForce RTX 2060 SC GAMING 6GB OC GDDR6 192bit (06G-P4-2062-KR)  ,  EVGA GeForce RTX 3060 XC GAMING 12GB GDDR6 (12G-P5-3657-KR)  ,  GIGABYTE GeForce AORUS XTREME RTX 3080 10GB GDDR6X LHR (GV-N3080AORUS X-10GD 2.0)  ,  GIGABYTE GeForce D6 GTX 1650 4GB OC GDDR6 128bit (GV-N1656OC-4GD 2.0)  ,  GIGABYTE GeForce EAGLE RTX 3060 Ti 8GB GDDR6 256bit LHR (GV-N306TEAGLE-8GD 2.0)  ,  GIGABYTE GeForce EAGLE RTX 3080 Ti 12GB GDDR6X 384bit (GV-N308TEAGLE-12GD)  ,  GIGABYTE GeForce GAMING RTX 3080 Ti OC 12GB GDDR6X 384bit (GV-N308TGAMING OC-12GD)  ,  GIGABYTE GeForce GT 1030 Low Profile 2GB GDDR5 64bit (GV-N1030D5-2GL)  ,  GIGABYTE GeForce GTX 1050 Ti D5 4GB GDDR5 128bit (GV-N105TD5-4GD)  ,  GIGABYTE GeForce GTX 1050 Ti OC 4GB GDDR5 128bit (GV-N105TOC-4GD)  ,  GIGABYTE GeForce GTX 1650 D6 4GB GDDR6 128bit (GV-N1656D6-4GD 2.0)  ,  GIGABYTE GeForce GTX 1650 D6 OC 4GB GDDR5 128bit (GV-N1656OC-4GD)  ,  GIGABYTE GeForce GTX 1650 OC 4GB (GV-N1650OC-4GD)  ,  GIGABYTE GeForce GTX 1650 OC Low Profile 4GB GDDR5 128bit (GV-N1650OC-4GL)  ,  GIGABYTE GeForce GTX 1650 SUPER OC 4GB GDDR6 128bit (GV-N165SOC-4GD)  ,  GIGABYTE GeForce GTX 1660 OC 6GB GDDR5 (GV-N1660OC-6GD)  ,  GIGABYTE GeForce GTX 1660 SUPER OC 6GB GDDR6 (GV-N166SOC-6GD)  ,  GIGABYTE GeForce GTX 1660 Ti OC 6GB (GV-N166TOC-6GD)  ,  GIGABYTE GeForce MASTER RTX 3070 Ti 8GB GDDR6X 256bit (GV-N307TAORUS M-8GD)  ,  GIGABYTE GeForce MASTER V2 RTX 3070 8GB GDDR6 256bit LHR (GV-N3070AORUS M-8GD 2.0)  ,  GIGABYTE GeForce RTX 2060 6GB GDDR6 192bit (GV-N2060D6-6GD)  ,  GIGABYTE GeForce RTX 2060 D6 6GB GDDR6 192bit (GV-N2060D6-6GD 2.0)  ,  GIGABYTE GeForce RTX 2060 SUPER WINDFORCE OC 8GB GDDR6 256bit (GV-N206SWF2OC-8GD)  ,  GIGABYTE GeForce RTX 3060 12GB GDDR6 192bit LHR (GV-N3060AORUS-E-12GD 2.0)  ,  GIGABYTE GeForce RTX 3060 12GB GDDR6 192bit LHR (GV-N3060EAGLE OC-12GD 2.0)  ,  GIGABYTE GeForce RTX 3060 12GB OC GDDR6 192bit LHR (GV-N3060GAMING OC-12GD 2.0)  ,  GIGABYTE GeForce RTX 3060 GAMING OC 12GB GDDR6 192bit (GV-N3060GAMING OC-12GD)  ,  GIGABYTE GeForce RTX 3060 TI EAGLE OC 8GB GDDR6 256bit LHR (GV-N306TEAGLE OC-8GD 2.0)  ,  GIGABYTE GeForce RTX 3060 Ti 8GB GDDR6 256bit LHR (GV-N306TAORUS E-8GD 2.0)  ,  GIGABYTE GeForce RTX 3060 Ti 8GB OC GDDR6 256bit LHR (GV-N306TGAMINGOC PRO-8GD 3.0)  ,  GIGABYTE GeForce RTX 3060 Ti GAMING OC 8GB GDDR6 256bit LHR (GV-N306TGAMING OC-8GD 2.0)  ,  GIGABYTE GeForce RTX 3060 Ti VISION OC 8GB GDDR6 LHR (GV-N306TVISION OC-8GD 2.0)  ,  GIGABYTE GeForce RTX 3070 8G OC GDDR6 256bit LHR (GV-N3070GAMING OC-8GD 2.0)  ,  GIGABYTE GeForce RTX 3070 Ti GAMING OC 8GB GDDR6X 256bit (GV-N307TGAMING OC-8GD)  ,  GIGABYTE GeForce RTX 3080 10GB GDDR6X 320bit LHR (GV-N3080AORUS M-10GD 3.0)  ,  GIGABYTE GeForce RTX 3080 10GB GDDR6X 320bit LHR (N3080VISION OC-10GD 2.0)  ,  GIGABYTE GeForce RTX 3080 GAMING OC 10G LHR (GV-N3080GAMING OC-10GD 2.0)  ,  GIGABYTE GeForce RTX 3090 GAMING OC 24GB GDDR6X (GV-N3090GAMING OC-24GD)  ,  GIGABYTE GeForce RTX 3090 VISION OC 24GB GDDR6X (GV-N3090VISION OC-24GD)  ,  GIGABYTE GeForce TURBO RTX 3080 10GB GDDR6X 320bit LHR (GV-N3080TURBO-10GD 2.0)  ,  GIGABYTE GeForce VISION RTX 3060 12GB OC GDDR6 192bit LHR (GV-N3060VISION OC-12GD 2.0)  ,  GIGABYTE GeForce VISION RTX 3070 8GB OC GDDR6 256bit LHR (GV-N3070VISION OC-8GD 2.0)  ,  GIGABYTE GeForce VISION RTX 3070 Ti 8GB OC GDDR6X 256bit (GV-N307TVISION OC-8GD)  ,  GIGABYTE GeForce Windforce GTX 1650 4GB OC GDDR6 128bit (GV-N1656WF2OC-4GD 2.0)  ,  GIGABYTE GeForce Windforce GTX 1650 4GB OC GDDR6 2.0 (GV-N1656WF2OC-4GD 2.0)  ,  GIGABYTE Radeon RX 6600 XT 8GB OC GDDR6 128bit (GV-R66XTGAMINGOC PRO-8GD)  ,  GIGABYTE Radeon RX 6700 XT OC 12GB GDDR6 192bit (GV-R67XTGAMING OC-12GD)  ,  Gainward GeForce Phantom RTX 3070 8GB GDDR6 256bit LHR (NE63070019P2-1040M/471056224-2928)  ,  Gainward GeForce RTX 3060 Ghost 12GB GDDR6 192bit (NE63060019K9-190AU/471056224-2430)  ,  Gainward GeForce RTX 3060 Ti Ghost 8GB GDDR6 256bit (471056224-2270)  ,  Gainward GeForce RTX 3060 Ti Ghost 8GB GDDR6 256bit (NE6306T019P2-190AB/471056224-2270)  ,  Inno3D GeForce TWIN X2 RTX 3060 12GB OC GDDR6 192bit (N30602-12D6X-11902120H)  ,  KFA2 GeForce 1-Click RTX 3060 Ti 8GB OC GDDR6 256bit LHR (36ISL6MD1VQK)  ,  KFA2 GeForce 1CLICK OC RTX 3060 12GB GDDR6 192bit (36NOL7MD1VOK)  ,  KFA2 GeForce EX 1-Click OC RTX 3060 12GB GDDR6 192bit (36NOL7MD2NEK)  ,  MSI GeForce 1650 4GB GDDR5 128bit (GTX 1650 VENTUS XS 4G OC)  ,  MSI GeForce GTX 1050 Ti 4GB GDDR5 128bit (GTX 1050 Ti 4GT LP)  ,  MSI GeForce GTX 1650 4GB GDDR5 128bit (GTX 1650 4GT LP OC)  ,  MSI GeForce GTX 1660 Ti 6GB (GTX 1660 Ti VENTUS XS 6G OC)  ,  MSI GeForce RTX 2060 6GB GDDR6 192bit (RTX 2060 VENTUS GP OC)  ,  MSI GeForce RTX 3060 12GB GDDR6 192bit (RTX 3060 VENTUS 3X 12G OC)  ,  MSI GeForce RTX 3060 Ti 3X 8GB OC GDDR6 256bit LHR (RTX 3060 Ti VENTUS 3X 8G OC LHR)  ,  MSI GeForce RTX 3060 Ti 8GB GDDR6 (RTX 3060 Ti VENTUS 2X 8G OCV1 LHR)  ,  MSI GeForce RTX 3060 Ti 8GB GDDR6 256bit (RTX 3060 Ti GAMING Z TRIO 8G LHR)  ,  MSI GeForce RTX 3060 X 12GB GDRR6 192bit (RTX 3060 GAMING X 12G)  ,  MSI GeForce RTX 3070 8GB GDDR6 256bit (RTX 3070 GAMING Z TRIO 8G LHR)  ,  MSI GeForce RTX 3070 8GB GDDR6 256bit (RTX 3070 VENTUS 3X 8G OC LHR)  ,  MSI GeForce RTX 3070 Ti 8GB GDDR6 256bit (RTX 3070 VENTUS 3X 8G OC LHR)  ,  MSI GeForce RTX 3070 Ti SUPRIM X 8GB GDDR6X 256bit (RTX-3070-Ti-SUPRIM-X-8G)  ,  MSI GeForce RTX 3080 Ti 12GB GDDR6X 384bit (RTX 3080 Ti GAMING X TRIO 12G)  ,  MSI GeForce RTX 3080 Ti 12GB GDDR6X 384bit (RTX 3080 Ti SUPRIM X 12G)  ,  MSI GeForce RTX 3090 24GB GDDR6X 384bit (RTX 3090 GAMING X TRIO 24G)  ,  MSI GeForce RTX 3090 24GB GDDR6X 384bit (RTX 3090 SUPRIM X 24G)  ,  MSI RTX 3060 Ti 8GB GDDR6 256bit (RTX 3060 Ti GAMING X 8G LHR)  ,  MSI Radeon RX 6600 XT 8GB GDDR6 128bit (RX 6600 XT MECH 2X 8G OC)  ,  MSI Radeon RX 6700 XT MECH 2X 12GB OC GDDR6 192bit (RX 6700 XT MECH 2X 12G OC)  ,  Manli GeForce Gallardo RTX 3070 8GB GDDR6 256bit LHR (M2502+N617-00)  ,  PNY GeForce T600 4GB DDR6 (VCNT600)  ,  PNY GeForce XLR8 Gaming Revel EPIC-X RTX 3060 Ti 8GB GDDR6 256bit LHR (VCG3060T8LDFXPPB)  ,  PNY Quadro RTX A4000 16GB GDDR6 256bit (VCNRTX-A4000-PB)  ,  PNY T600 4GB GDDR6 PCIe (VCNT600-PB)  ,  Palit GeForce GTX 1650 4GB GDDR6 (NE6165001BG1-1175A)  ,  Palit GeForce RTX 3060 Dual 12GB GDDR6 192bit (NE63060019K9-190AD)  ,  Palit GeForce RTX 3060 StormX 12GB GDDR6 (NE63060019K9-190AF)  ,  Palit GeForce RTX 3070 8GB GDDR6 (NE63070019P2-1040J/4710562242-1883)  ,  Palit GeForce RTX 3090 GamingPro 24GB GDDR6X (NED3090019SB-132BA)  ,  PowerColor Radeon Fighter RX 6600 8GB GDDR6 128bit (AXRX 6600 8GBD6-3DH)  ,  PowerColor Radeon Hellhound RX 6600 XT 8GB OC GDDR6 (AXRX 6600XT 8GBD6-3DHL/OC)  ,  PowerColor Radeon RX 6700XT Red Devil 12GB OC DDR6 (AXRX 6700XT 12GBD6-3DHE/OC)  ,  PowerColor Radeon Red Devil Ultimate RX 6900 XT 16GB GDDR6 256bit (AXRX-6900XTU-16GBD6-3DHE/OC)  ,  SAPPHIRE Radeon NITRO+ RX 6700 XT 12GB GDDR6 (11306-02-20G)  ,  SAPPHIRE Radeon NITRO+ SE RX 6900 XT 16GB DDR6 256bit (11308-03-20G)  ,  SAPPHIRE Radeon PULSE RX 6600 8GB GDDR6 128bit (11310-01-20G)  ,  SAPPHIRE Radeon Pulse RX 6600 XT 8GB GDDR6 (11309-03-20G)  ,  XFX Radeon RX 580 GTS XXX Edition 8GB GDDR5 256bit (RX-580P8DFD6)  ,  XFX Radeon Speedster MERC 319 Black RX 6900 XT 16GB GDDR6 256bit (RX-69XTATBD9)  ,  XFX Radeon Speedster MERC 319 RX 6800 XT 16GB GDDR6 256bit (RX-68XTALFD9)  ,  XFX Radeon Speedster SWFT 210 RX 6600 XT 8GB GDDR6 128bit (RX-66XT8DFDQ)  ,  ZOTAC GeForce GAMING ArcticStorm RTX 3090 24GB GDDR6X 384bit (ZT-A30900Q-30P)  ,  ZOTAC GeForce GAMING RTX 3060 12GB GDDR6 192bit AMP White Edition (ZT-A30600F-10P)  ,  ZOTAC GeForce GAMING Twin Edge GeForce RTX 3060 Ti OC 8GB GDDR6 256bit (ZT-A30610H-10MLHR)  ,  ZOTAC GeForce GTX 1660 SUPER TWIN FAN 6GB GDDR6 192bit (ZT-T16620F-10L)  ,  ZOTAC GeForce RTX 3060 Twin Edge OC 12GB GDDR6 (ZT-A30600H-10M)  ,  ZOTAC GeForce Twin Edge RTX 3070 8GB GDDR6 256bit (ZT-A30700E-10PLHR)  
2021-10-18,,4299.0,,,,1349.0,,,,,,,,,,,,4499.0,,,,,,11080.0,,,,,,,3799.99,,,,3999.99,,,,,1442.92,,1799.99,,,,,,,,,,,,,,3799.0,7033.99,4249.0,4599.99,4684.5,4499.99,,,,,,,13499.0,14499.99,,,,,,,3999.0,5199.99,,,4199.99,,,,3520.0,,,,,,,,,,,4234.0,,,5932.0,,,10599.0,,,,,,,,,,,,,,,,,,,,,,,3799.0,,,,,,,,,3599.0,
2021-10-19,,4299.0,,,,1349.0,,,,,,,,,,,,4499.0,,,,,,11080.0,,,,,,,3799.99,,,,3999.99,,,,,1442.92,,1799.99,,,,,,,,,,,,,,3799.0,7947.99,4249.0,4599.99,4684.5,4499.99,,,,,,,13499.0,14499.99,,,,,,,3999.0,5199.99,,,4199.99,,,,3520.0,,,,,,,,,,,4234.0,,,5932.0,,,10599.0,,,,,,,,,,,,,,,,,,,,,,,3799.0,,,,,,,,,3599.0,
2021-10-20,,4299.0,,,,1349.0,,,,,,,,,,,,4499.0,,6378.22,,,,11080.0,,,,,,,3799.99,,,,3999.0,,,,,1445.57,,1699.99,,,,,,,,,,,,,,3799.0,7947.99,4249.0,4398.0,,4499.99,,,,,,,13611.92,,,,,,,,3999.0,5439.99,,,,,,,5999.0,,,,,,,,,,4699.0,4234.0,,,5932.0,,,10599.0,,,4299.0,,,,,,,,,,,,,,,,,,,,3799.0,,,,,,,,,3599.0,
2021-10-21,,4299.0,,,,1349.0,,,,,,,,,,,,4499.0,,,,,,11080.0,,,,,,,3826.99,,,,4880.99,,,,,1436.09,,1699.99,,,,2754.99,,,,,,,,,,4224.5,,4249.0,4599.0,,,,,,,,,13999.0,,,,,,,,3999.0,5439.99,,,,,,,5999.0,,,,,,,,,,4699.0,3920.99,,,5932.0,,,10599.0,,,4299.0,,,,,,,,,,,,,,,,,,,,3799.0,,,,,,,4199.0,,3599.0,5299.99
2021-10-22,,4299.0,,,,1349.0,,,,,,,,,3199.99,,,4499.0,,,,,,11080.0,,,,,,,,,,,4878.99,,,,,1440.36,,1699.99,,,,2754.99,,,,,,,,,,4226.0,,4249.0,4599.0,,,,,,,,,15393.5,,7999.0,,,,,,3999.0,5439.99,,,,,,,5999.0,,,,,,,,,,4699.0,3920.99,,,5932.0,,,10599.0,,,4299.0,,,,,,,,,,,,,,,,,,,,,,,,,,,4199.0,,3599.0,5299.99
2021-10-23,,4299.0,,,,1349.0,,,,,,,,,3199.99,,,4499.0,,,,,,11499.0,,,,,,,,,,,4655.99,,,,,1437.44,,1799.99,,,,2699.99,3100.0,,,,,,,,,3999.0,,4249.0,5999.0,,,,,,,,,16522.03,,7999.0,,,,,,3999.0,5191.5,,,,,,,5999.0,,,,,,,,,,4699.0,4235.5,,,,,,10999.0,,,4299.0,,,,,,,,,,,,,,,,,,,,,,,,,,,4199.0,,3599.0,5299.99
2021-10-24,,4299.0,,,,1349.0,,,,,,,,,3199.99,,,4499.0,,,,,,11048.0,,,,,,,,,,,4319.5,,,,,1438.02,,1799.99,,,,2699.99,3100.0,,,,,,,,,3999.0,,4249.0,5499.99,,,,,,,,,15499.0,,7999.0,,,,,,3999.0,5568.03,,,,,,,5999.0,,,,,,,,,,4699.0,4233.0,,,,,,10999.0,,,4299.0,,,,,,,,,,,,,,,,,,,,,,,,,,,4199.0,,3599.0,5299.99
2021-10-25,,4299.0,,,,,,,,,,,,,3199.99,,,4499.0,,,,,,11048.0,,,,,,,,,,,4319.5,,,,,1438.02,,2580.4,,,,2699.0,3100.0,,,,,,,,,3999.0,,4249.0,5499.99,,4499.99,,5699.99,,,,,,,7847.54,,,,,,,6232.82,,,,,,,5999.0,,,,,,,,,,4699.0,4233.0,,,,,,10999.0,,17999.99,4399.99,,,,,,,,,,,,,,,,,,,,,,,,,,,4299.0,,3999.0,5299.99
2021-10-26,,3699.0,,,,,,,,,,,,,3299.99,,,4499.0,,,,,,11048.0,,,,,,,,,,,4319.5,,10083.2,,,1438.02,,2565.02,,,,2689.99,3100.0,,,,,,,,,3998.99,,4249.0,5899.99,,4899.99,,5599.99,,,,,,,7842.74,,,,,,,,,,,,,,,,,,,,,,,,5074.0,4235.5,,,,,,10999.0,,17999.99,4399.99,,,,,,,,,,,,,,,,,,,,,,,,,14599.0,,4299.0,,3996.0,5299.99
2021-10-27,,3699.0,,,,,,,,,,,,,3263.5,,,4499.0,,,,,,11499.0,,,,,,,,,,,4753.99,,10083.2,,,1947.27,,1799.99,,,,2689.99,3100.0,,,,,,,,,3998.99,,4249.0,5899.99,,,,5599.99,6998.99,,,,15622.0,,,,,,,,,,,,,,,,,,,,,,,,,,4899.0,4235.5,,,,,,9894.0,,17999.99,4799.99,,,,,,,,,,,,,,,,,,,,,,,,,14599.0,,4299.0,,3996.0,5299.99
2021-10-28,,3699.0,,,,1349.0,,,,,,,,,3299.99,,,4699.0,,,,,,11499.0,,4958.81,,,,,,,,,,,10083.2,,,1947.27,,1799.99,,,,2689.99,3100.0,,,,,,,,,3998.99,,4499.0,5899.99,4499.99,,,5799.0,6998.99,,,,,,,,,,,,,,,,,,,,,,,,,,,,,,5074.0,4235.5,,,,,,10599.0,,17999.99,4799.99,,,,,,,,,,,,,,,,,,,,,,,,,13699.0,,4299.0,,,5299.99
2021-10-29,,3699.0,,,,,,,,,,,,,3299.99,,,4699.0,,,,,,11499.0,,4982.42,,,,,,4882.4,,,,,10131.22,,,1956.55,,2481.16,,,,2689.99,3100.0,,,,,3232.28,,,,4226.0,,4499.0,,,,,5799.0,,,,,14999.99,,,,,,,,,,,,,,,,,,,,,,,,,,5074.0,4235.5,,,,,,10599.0,,,4799.99,,,,,,7135.44,,,,,,,,,,,,,,,,,,,13699.0,,4299.0,,4372.46,5299.99
2021-10-30,,4518.86,,,,1349.0,,,,,,,,,3299.99,,,4699.0,,,,,,11499.0,,5024.81,,,,,,4923.93,,,,,,,,1973.19,,2449.78,,,,2689.99,3100.0,,,,,3233.94,,,,4499.99,,4799.0,,4699.99,,,5970.0,6719.99,,,,16433.67,,,,,,,,,,,,,,,,,,,,,,,,,,,,,,,,,10599.0,,,4694.0,,,,,,7137.32,,,,,,,,,,,,,,,3263.5,,,,,,4299.0,,4075.0,5299.99
2021-10-31,,4518.86,,,,1349.0,,,,,,,,,3299.99,,,4699.0,,,,,,11499.0,,,,,,,,4923.93,,,,,,,,1893.0,,2449.78,,,,2689.99,3100.0,,,,,3215.47,,,,4230.0,,4799.0,4599.99,4699.99,,,5975.5,6998.99,,,,16433.67,,,,,,,,,,,,,,,,,,,,,,,,,,5079.0,4239.5,,,,,,10599.0,,,4799.99,,,,,,7137.32,,,,,,,,,,,,,,,,,,,,,4299.0,,,5299.99
2021-11-01,,4518.86,,,,1349.0,,,,,,,,,3299.99,,,4699.0,,,,,,11499.0,,,,,,,,4923.93,,,,,,,,1893.0,,2449.78,,,,2689.99,3100.0,,,,,3215.47,,,,4230.0,,4799.0,4599.99,4699.99,,,5975.5,6998.99,,,,16433.67,,,,,,,,,,,,,,,,,,,,,,,,,,5079.0,4239.5,,,,,,10599.0,,,4799.99,,,,,,7137.32,,,,,,,,,,,,,,,,,,,,,4299.0,,,5299.99
2021-11-02,,4518.86,,,,1349.0,,1883.07,,,,,,,3299.99,,,4699.0,,,,,,11499.0,,,,,,,,5999.0,,,,,,,,1893.0,,2449.78,,,,2689.99,3100.0,,,,,3439.0,,,,4230.0,,4499.99,4599.99,4699.99,,,5975.5,6998.99,,,,15499.0,,,,,,,,,,,,,,,,,,,,,,,,,,5079.0,4239.5,,,,,,10599.0,,,4799.99,,,,,,,,,,,,,,,,,,,,,,,,,,,4299.0,,,5299.99
2021-11-03,,4525.69,,,,1349.0,,1885.91,,,,,,,3299.99,,,4699.0,,,,,,11499.0,,,,,,,,5032.77,,,,,,,,,,1699.99,,,,2698.99,3100.0,,,,,3238.02,,,,4231.5,,4499.99,4999.99,4899.99,,,5978.0,,,,,15499.0,,,,,,,,,,,,,,,,3699.0,,,,,,,,,,5081.0,4241.0,5499.0,,,,,10599.0,,,,,,,,,,,,,,,,,,,,,,,,3268.0,,,,,,4299.0,,,5299.99
2021-11-04,,4524.45,,,,1699.99,,1885.39,,,,,,,3591.01,,,4699.0,,,,,,11499.0,,,,,,,,,,,,,,,,1699.99,,1800.0,,,,2689.99,3100.0,,,,,3238.02,,,3998.99,4499.0,,4899.0,4999.99,4899.99,,,,,,,,15499.0,,,,,,,,,,,,,,,,3699.0,,,,,,,,,,,4235.5,5499.0,,,,,10599.0,14999.0,,,,,,,,,,,,,,,,,,,,,,,3263.5,,,,,,4299.0,,,5299.99
2021-11-05,,4530.04,,,,1476.5,,1499.0,,,,,,,4381.76,,,4699.0,,,,,,11105.5,,,,,,,,,,,,,,,,1624.0,,2188.5,,,,2689.99,3100.0,,,,,,,,3998.99,4499.0,,4899.0,4999.99,6499.99,,,,6719.0,,,,15499.0,,,,,,,,,,,,,,,,3699.0,,,,,,,,,,,4281.5,5499.0,,,,,10599.0,14999.0,,,,,,,,,,,,,,,,,,,,,,,3263.5,,,,,,4299.0,,,5299.99
2021-11-06,,4530.04,,,,1476.5,,1887.72,,,,,,,3347.0,,,4699.0,,,,,,11499.0,,,,,,,,,,,,,,,,1449.9,,1800.0,,,1999.0,2689.99,3100.0,,,,,,,,4394.0,,,4786.5,4999.99,6499.99,,,,6719.0,,,,15499.0,,,,,,,,,,,,,,,4299.0,3699.0,,,,,,,,,,,4099.0,5862.0,,,,,10599.0,21500.0,,,,,,,,,,,,,,,,,,,,,,,,,,,,,4299.0,,,5299.99
2021-11-07,,4530.04,,,,1699.99,,1887.72,,,,2879.65,,,4381.76,,,4699.0,,,,,,11138.5,,,,,,,,,,,,,,,,1451.64,,2189.5,,,,2689.99,3100.0,,,,,,,,4394.0,,,4786.5,4999.99,4999.0,,,5499.0,6719.0,,,,15499.0,,,,,,,,,,,,,,,4299.0,3699.0,,,,,,,,,,,4099.0,5899.99,,,,,12299.0,21500.0,,,,,,,,,,,,,,,,,,,,,,,,,,,,,4299.0,,,
2021-11-09,,4529.43,,,,1699.99,,1887.47,,,,2879.65,,,4381.15,,,4911.0,,,,,,11499.0,,,,,,,,,,,,,,,,1699.99,,2186.5,,,,2689.99,3100.0,,,,,3399.99,,,4393.0,,,4780.5,4999.99,,,,5499.0,6719.0,,,,18499.0,,,,,,,,,,,,,,,,4381.97,,,,,,,,,,,4099.0,5499.0,,,,10499.0,12299.0,21500.0,,,,,,,,,,,,,,,,,,,,,,,,,,,,,5480.02,,,
2021-11-11,3399.0,,550.46,,,1699.99,,1689.55,,,,4009.67,,,,,,4904.0,,,,,,11499.0,,,,,,,,,,,,,,,,1624.5,,,,1799.99,,2689.99,3100.0,,,,,3399.99,,,3999.0,,,4899.0,4999.99,,,,5499.0,6998.99,,,,18499.0,,,,,,,,,,,,,,,,4387.33,,,,,,,,,,,4281.5,5862.5,,,,,12299.0,18499.0,,,,,,,,,,,,,,,,,,,,,,,,,,,,,4999.99,,4075.0,
2021-11-12,3399.0,,680.99,,,,,1672.83,,,,3970.01,,,,,,4904.0,,,,,,11499.0,,,,,,,,,,,,,,,,1446.7,,,,1999.0,,2699.0,3100.0,2999.0,,,,3237.19,,,,,,4899.0,5199.0,,,,5499.0,,,,,18499.0,,,,,,,,,,,,,3989.99,,,4374.99,,,,,,,,,,,4281.5,5862.5,,,,9499.0,11499.0,14999.0,,,,,,,,,,,,,,,,,,,,,,,,,,,,,4999.99,,4075.0,
2021-11-13,2999.0,,,,,,,1671.25,,,,,,,,,,4875.0,,,,,,,,,,,,,,,,,,,,,,1446.7,,,,1999.0,,2689.99,3100.0,,,,,3237.19,,,,,,4999.99,4999.99,6499.99,5899.0,,5499.0,,,,,18499.0,,,,,,,,,,,,,3989.99,,,4356.12,,,,,,,,,,,4250.5,5819.5,,,,9499.0,11499.0,14999.0,,,,,,,,,,,,,,,,,,,,7599.99,,,,,,,,,4999.99,3527.24,4045.5,
2021-11-14,3498.99,,529.85,,,,,2499.0,,,,,,4911.21,,4999.99,,4837.5,,,,,,,,,,,,,,,,,,,,,,1583.0,,,,1999.0,,3684.87,3100.0,,,,,3399.99,,,,,,4999.99,4999.99,5223.94,5899.0,,5943.0,,,,,,,,,,,,,,,,,,,,,,,,,,,,,,,,4289.5,5899.99,,,,10499.0,11499.0,17999.99,,,,,,,,,,,,,,,,,,,,7599.99,,,,,,,,,4999.99,3520.9,4045.5,
2021-11-15,3498.99,,529.85,,,,,2499.0,,,,,,4911.21,,4999.99,,4837.5,,,,,,,,,,,,,,,,,,,,,,1583.0,,,,1999.0,,3684.87,3100.0,,,,,3399.99,,,,,,4999.99,4999.99,5223.94,5899.0,,5943.0,,,,,,,,,,,,,,,,,,,,,,,,,,,,,,,,4289.5,5899.99,,,,10499.0,11499.0,17999.99,,,,,,,,,,,,,,,,,,,,7599.99,,,,,,,,,4999.99,3520.9,4045.5,
2021-11-16,3499.0,,,,,,,2499.0,,,,,,4890.69,,,,4837.5,,,,8319.0,,,,,,,,,,,,,,,,,,1499.0,,,,,,3669.47,3100.0,3569.0,,,,3498.0,,,,,,4999.99,,4879.0,6632.88,,5943.0,,,,,,,,,,,,,,,,,,,,,,3988.5,,,,,,,,,,4289.5,5899.99,,,,10499.0,11499.0,17999.99,,4980.5,,,,,,,,,,,,,,,,,,7599.99,,,,,,,,,5844.85,3528.22,4349.99,
2021-11-17,3498.99,,,,,,,2432.99,,,,,,4914.55,,4699.99,,,,,,,,,,,,,,,,,,,,,,,,1499.0,,,,,,3766.08,3100.0,,,,,3299.99,,,,,,4499.0,4999.0,4899.99,4899.99,,5898.99,,,,,,,,,,,,,,,,,,4399.99,,,,4289.99,,,,,,,,,,4289.5,5899.0,,,,10299.0,11499.0,14999.0,,4899.99,,,,,,,,,,,,,,,,,,7599.99,,,,,,,,,6196.99,3553.0,3999.0,
2021-11-18,3498.99,,,,,,,2432.99,,,,,,4914.55,,4699.99,,,,,,,,,,,,,,,,,,,,,,,,1499.0,,,,,,3766.08,3100.0,,,,,3299.99,,,,,,4499.0,4999.0,4899.99,4899.99,,5898.99,,,,,,,,,,,,,,,,,,4399.99,,,,4289.99,,,,,,,,,,4289.5,5899.0,,,,10299.0,11499.0,14999.0,,4899.99,,,,,,,,,,,,,,,,,,7599.99,,,,,,,,,6196.99,3553.0,3999.0,
2021-11-19,3498.99,,,,,,,,,,,,,4949.99,,4699.99,,,,,,,,,,4984.46,,,,,,,8899.99,,,,,,,1499.99,,,,,,3783.5,3100.0,3448.0,,,,3299.99,,,,,,4999.0,4999.0,4899.99,4899.99,,5943.0,,,,,,,,,,,,,,,,,,,,,,4289.99,,,,,,,,,,4289.5,5899.0,,,,10299.0,11499.0,17078.31,,4899.99,,,,,,,,,,,,,,,,,,8399.0,,,,,,,,,,3553.0,3999.0,
2021-11-20,3498.99,,,,,,,,,,,,,,,,5536.3,6460.99,,,,8397.0,11056.22,,,4964.19,,,,,,,,,,,,,,1549.99,,,,,,3806.5,3100.0,,,,,3399.99,5693.17,,,,,4999.99,4999.0,4925.0,,,5943.0,,,,,,,,,,,,,,,,,,,,,,3988.5,,,,,,,,,,4289.5,5899.0,,,,10299.0,11499.0,17078.31,,,,,,,4609.5,,,,,,,,,3599.0,,,,8399.0,3331.5,,,,,,,,,,,
2021-11-21,3498.99,,,,,,1649.99,,,,,,,,,4699.99,5536.3,5499.0,,,,,11699.0,,,4964.19,,,,,,,,,,,,,,1549.99,,,,,,3806.5,3100.0,,,,3599.99,3399.99,5693.17,,,,,4999.99,4999.0,5999.99,,,5900.5,,,,,,,,,,,,,,,,,,,,,,4845.99,,,,,,,,,,4289.5,5899.0,,,,,11499.0,17078.31,,,,,,,,,,,,,,,,3599.0,,,,8399.0,3307.5,,,,,,,,,,,
2021-11-22,3498.99,,,,,,1649.99,,,,,,,,,4699.99,,5499.0,,,,,,,,4964.19,,,,,,,,,,,,,,1549.99,,,,,,3806.5,3100.0,,,,,3399.99,5620.8,,,,,4999.99,4999.0,5999.99,,,5943.0,,,,,,,,,,,,,,,,,,,,,,4845.99,,,,,,,,,,4402.27,5899.0,,,7755.0,,11499.0,17079.0,,,,,,,,,1266.59,,,,,,,3599.0,,,,8399.0,3307.5,,,,,3799.99,,,,,,
2021-11-23,3498.99,,,,,,1649.99,,,,,,,,,4699.99,,5499.0,,,,,,,,4901.07,,,,,,,,,4599.99,,,,,1549.99,,,,,,3758.1,3100.0,,,,,3199.0,,,,,,4999.99,4999.0,5999.99,,,5943.0,,,,,,,,,,,,,,,,,,,,,,,,,,,,,,,,4402.27,5899.0,,,7755.0,,11499.0,17079.0,,,,,,,,,1266.59,,,,,,,3599.0,,,,8399.0,3307.5,,,,,3799.99,,,,,3999.0,
2021-11-24,,,,,,,1649.99,,,,,,,,,5499.0,,,,,,,,10299.0,,4920.83,,,,,,,,,,,,,,1549.99,,,,,,,3100.0,,,6099.0,,3199.0,,,,,,4999.99,4999.0,5311.51,,,5943.0,,,,,,,,3998.99,,,,,,,,,,,,,,,,,,,,,,,,4289.5,5899.0,,,7755.0,,11499.0,17077.96,,4899.99,,,,,,,1271.69,,,,,,,3599.0,,,,8499.99,3355.0,,,,,3799.99,,,,,3999.0,
2021-11-25,3498.99,,,,,,1649.99,,,,,,,,,5499.0,,,,,,,,10299.0,,4920.83,,,,,,,,,,,,,,1549.99,,,,,,,3100.0,,,,,3199.0,,,,,,4735.0,4999.0,4960.0,,,5899.0,,,,,,,,3998.99,,,,,,,,,,,,,,,,,,,,,,,,4402.27,5899.0,5599.99,,7600.28,,11499.0,17077.96,,4899.99,,,,,,,1271.69,,,,,,,3599.0,,,,8499.99,,,,,,3799.99,,,,,3999.0,
2021-11-26,,,,,,,1649.99,,,,,,,,,5449.0,,,,,,,,11499.0,,4944.76,,,,,,,,,,,,,,1549.99,,,,,,,3499.99,,,,,3199.0,,,,4499.0,,4999.0,4999.0,4899.0,,,,,,,,,,,3998.99,,,,,,,,,,,,,,,,,,,,,,,,4402.19,5899.0,6399.0,,7600.13,,11499.0,17077.96,,5110.88,,,,,,,1350.27,,,,,,,3599.0,,,,8499.99,3330.99,,,,,3799.99,,,,,3999.0,
2021-11-27,3498.99,,,,,,1699.99,,,,,,,,,4499.0,,,,,,,,11199.0,,4930.78,,,,,,,,,,,,,,1549.99,,,,,,,3499.99,,,,,3199.0,,,,4499.0,,4699.0,5599.0,4899.0,,,5699.0,,,,,,,,4599.0,,,,,,,,,,,,,,,,,1569.99,,,,,,,4674.18,5899.0,6399.0,,,,10899.0,16999.99,,,,,,,,,1346.46,,,,,,,3599.0,,,,8499.99,4473.67,,,,,,,,,,3999.99,
2021-11-28,,,,,,,1699.99,,,,,,,,,4999.99,,4999.0,,,,,,11199.0,,4930.78,,,,,,,,,,,,,,2325.33,,,,,,,3499.99,,,,,3498.0,,,,4399.0,,4699.0,5599.0,5549.0,,,5699.0,,,8299.0,,,,,4599.0,,,,,,,,4159.99,,,,,,,,,1569.99,,,,,,,,5899.0,,,,,10899.0,,,,,,,,,,1346.46,,,,,15999.99,,3599.0,,,,8499.99,4535.55,,,,,,,,,,4199.0,
2021-11-29,,,,,,,1699.99,,,,,,,,,4999.99,,4999.0,,,,,,11199.0,,4930.78,,,,,,,,,,,,,,2325.33,,,,,,,3499.99,,,,,3498.0,,,,4399.0,,4699.0,5599.0,5549.0,,,5699.0,,,8299.0,,,,,4599.0,,,,,,,,4159.99,,,,,,,,,1569.99,,,,,,,,5899.0,,,,,10899.0,,,,,,,,,,1346.46,,,,,15999.99,,3599.0,,,,8499.99,4535.55,,,,,,,,,,4199.0,
2021-11-30,,,,,,,,,,,,,,,,4899.99,,4999.0,,,,,,11199.0,,4942.08,,,,,,,,,,,,,,1549.99,,,,,,2749.99,3499.99,,,,,3399.99,,,,4399.0,,4699.0,5599.0,4899.0,,,5699.0,,,7999.99,,,,,4599.0,,,,,,,,4299.99,,,,,,,,,1569.99,,,,,,,,5899.0,,,,,10899.0,16999.99,,,,,,1192.42,,,,,,,,15899.99,,3599.0,,,,8499.99,,,,,,,,,,,3999.0,
2021-12-01,,,,,,,,,,,,,,,,4899.99,,4999.0,,,,,,11199.0,,4942.08,3299.0,,,,,,,,,,,,,1549.99,,,,,,2749.99,3499.99,,,,,3399.99,,,,4399.0,,4699.0,5599.0,4899.0,,,5699.0,6899.99,,7999.99,,,,,4599.0,,,,,,,,4299.99,,,,,,,,,,,,,,,,4364.5,5899.0,,,,,10899.0,,,,,,,1277.19,,,,,,,,15899.99,,3599.0,,,,,,,,,,,,,,,3999.0,
2021-12-02,,,,,,,,,,,,,,,,4899.99,,4999.0,,,,,,11199.0,,4973.63,3299.0,,,,,,,,,,,,,1549.99,,,,,,2749.99,3499.99,,,,,3399.99,,,,4399.0,,4999.0,5599.0,5549.0,,,5699.0,6499.0,,7999.99,,,,,4499.0,,,,,,,,4299.99,,,,,,,,,,,,4199.0,,,,4364.5,4544.5,,,,,10899.0,,,,,,,1388.5,,,,,,,,15899.99,,,,,,,,,,,,,,,,,3999.99,
2021-12-03,,,,,,,,,,,,,,,,4899.99,,4999.0,,,,,,11199.0,,5003.53,3299.0,,,,,,,,,,,,,1549.99,,,,,,4302.93,3604.5,,,,,3399.99,,,,,,4999.0,5599.0,5549.0,,,5699.0,6499.0,,7999.99,,,,,4499.0,,,,1799.99,,,,4299.99,,4799.0,,,,,,,,,,5704.84,,,,4364.5,5899.0,,,,,,,,,,,,1396.85,,,,,,3799.0,,,,,,,,,,,,,,,,,,,4199.0,
2021-12-04,,,,,,,,,,,,,,,,4899.99,,4999.0,,,,,,11199.0,,5003.53,3299.0,,,,,,,,,,,,,1549.99,,,,,,4302.93,3604.5,,,,,3399.99,,,,,,4999.0,5599.0,5549.0,,,5699.0,6499.0,,7999.99,,,,,4499.0,,,,1799.99,,,,4299.99,,4799.0,,,,,,,,,,5704.84,,,,4364.5,5899.0,,,,,,,,,,,,1396.85,,,,,,3799.0,,,,,,,,,,,,,,,,,,,4199.0,
2021-12-05,,,,,,,,,,,,,,,,4899.99,,4999.0,,,,,,11199.0,,4987.18,,,,,,,,,,,,,,1549.99,,,,,,4288.87,3799.0,,,,,3399.99,,,,,,4999.0,8549.79,,,,5699.0,6499.0,,8299.0,,16499.99,,,,,,,1999.0,,,,,,4799.0,,,,,,,,3199.99,,,,,,,5899.0,,,,,10899.0,,,,,,,1392.29,,,,,,3799.0,,,,3799.0,,,,9499.99,,4277.79,,,,,,,,,4199.0,
2021-12-06,,,,,,,,,,,,,,,,4899.99,,4999.0,,,,,,11199.0,,4987.18,,,,,,,,,,,,,,1549.99,,,,,,4288.87,3799.0,,,,,3399.99,,,,,,4999.0,8549.79,,,,5699.0,6499.0,,8299.0,,16499.99,,,,,,,1999.0,,,,,,4799.0,,,,,,,,3199.99,,,,,,,5899.0,,,,,10899.0,,,,,,,1392.29,,,,,,3799.0,,,,3799.0,,,,9499.99,,4277.79,,,,,,,,,4199.0,
2021-12-07,,,,,,,,,,2199.0,,,,,3399.0,4799.99,,4999.0,,,,,,11199.0,,,,,,,,,,,,,,,,1549.99,,,,,,2999.0,,,,,,3400.0,,,4499.0,,,4999.0,8498.86,,,,5699.0,6899.99,,7999.0,,14750.0,,,,,,,1799.0,,,,,,4799.99,,,,,,,,3199.99,,,,,,,5899.0,,,,,10899.0,,,,,,,,,,,,,3799.0,,,,3699.0,,,,7999.99,,3799.99,,,,,,,,,4191.0,
2021-12-08,,,,,,,,,,2199.0,,,,,3399.0,4799.99,,4999.0,,,,,,11199.0,,,,,,,,,,,,,,,,1549.99,,,,,,2999.0,,,,,,3400.0,,,4499.0,,,4999.0,8498.86,,,,5699.0,6899.99,,7999.0,,14750.0,,,,,,,1799.0,,,,,,4799.99,,,,,,,,3199.99,,,,,,,5899.0,,,,,10899.0,,,,,,,,,,,,,3799.0,,,,3699.0,,,,7999.99,,3799.99,,,,,,,,,4191.0,
2021-12-09,3199.0,,,,,,,,,2499.0,,,,,3399.0,4799.99,,5075.0,,,,,,11199.0,,,,,,,,,,,,,,,,1549.99,,,,,,2999.0,3299.99,,,,,3400.0,,,,,,4699.0,,,,,6299.99,6599.0,,7999.0,,14750.0,,,,,,,1799.0,,,,,,4799.99,,,,,,,,3199.99,,,,,,4364.5,5899.0,,,,,13645.22,,,,,,,,,,,,,,,,,,,,5186.99,7999.99,,3799.99,,,,,,,,,4171.5,
2021-12-10,3149.99,,,,,,,,,2499.0,,,,,3199.0,4799.99,,5199.0,,,,,,11199.0,,,,,,,,,,,,,,,,1549.99,,,,,,2999.0,,,,,,3400.0,,,,,,4699.0,,,,,5699.0,6899.99,,8699.0,,16499.99,,,,,,,1799.0,,,,,,4799.0,3990.0,,,,1799.0,,,3139.57,,,,,,,5899.0,,,,,,,,,,,,,,,,,,,,,,3699.0,,,5186.99,8299.99,,3799.99,,,,,,,,,4152.5,
2021-12-11,3149.99,,,,,,,,,2499.0,,,,,3199.0,4799.99,,7243.2,,,,,,11199.0,,,,,,,,,,,,,,,,1549.99,,,,,,2999.0,3299.99,,,,,3399.99,,,,,,4999.0,,,,,5699.0,6899.99,,8499.99,,15899.99,,,,,,,1799.0,,,,,,4799.0,3990.0,,,,1799.0,,,3139.57,,,,,,,5899.0,,,,,,,,,,,,,,,,,,,,,,3699.0,,,5186.99,8299.99,,,,,,,,,,,4172.0,
2021-12-12,3149.99,,,,,,,,,2499.0,,,,,3449.0,4799.99,,7243.2,,,,,,11199.0,,,,,,,,,,,,,,,,1549.99,,,,,,4262.16,3299.99,,,,,,,,,4299.99,,4999.0,,,,5135.07,5699.0,6899.99,,8499.99,,15899.99,,,,,,,1799.0,,,,,,4799.99,,,,,1799.0,,,,,,,,,4670.62,5899.0,,,,,,,,,,,,,,,,,,,,,,3699.0,,,5186.99,8299.99,,,,,,,,,,,4162.5,
2021-12-13,3149.99,,,,,,,,,2499.0,,,,,3449.0,4799.99,,7243.2,,,,,,11199.0,,,,,,,,,,,,,,,,1549.99,,,,,,4262.16,3299.99,,,,,,,,,4299.99,,4999.0,,,,5135.07,5699.0,6899.99,,8499.99,,15899.99,,,,,,,1799.0,,,,,,4799.99,,,,,1799.0,,,,,,,,,4670.62,5899.0,,,,,,,,,,,,,,,,,,,,,,3699.0,,,5186.99,8299.99,,,,,,,,,,,4162.5,
2021-12-14,3149.99,,,,,,,,,2499.0,,,,,3449.0,4799.99,,5399.99,,,,,,11199.0,16499.0,,,,,,,,,,,,,,,1549.99,,,,,,4252.95,3199.0,,,,,,,,,4299.99,,4699.0,,,,,5499.0,6899.99,,,,15899.99,,8699.5,,,,,1799.0,,,,,,4799.99,,,,,1799.0,,,,,,,,,,5899.0,,,,,13645.22,,,,,,,,,,,,,,,,,3699.0,,,5186.99,8299.99,,,,,,,,,,,4162.5,
2021-12-15,3149.99,,,,,,,,,2499.0,,,,,3399.0,4799.99,,5399.99,,,,,,,16499.0,,,,,,,,,,,,,,,1799.0,,,,,,,3199.0,,,,,2999.0,,,,4399.0,,4699.0,,,,,5499.0,6899.99,,,,15899.99,,9081.71,,,,,1799.0,,,,,,4799.99,,,,,1799.0,,,,,,,,,,5957.66,,,,,13645.22,,,,,,,1225.0,,,,,,,,,,3799.0,,,5186.99,8299.99,,,,,,,,,,,4199.0,
2021-12-16,3149.99,,,,,,,,,,,,,,3399.0,4849.0,,5399.99,,,,,,,16499.0,,,,,,,,,1689.99,,,,,,1799.0,,,,,,,3199.0,,,,,2999.0,,,,4399.0,,4699.0,,,,,5499.0,6899.99,,,,15899.99,,9081.89,4599.0,,,,1799.0,,,,,,4799.99,,,,,1799.0,,,,,,,,,,5957.66,,,,,13645.22,,,,,,,,,,,,,,,,,3799.0,,,5186.99,8299.99,,,,,,,,,,,4199.0,
2021-12-17,3149.99,,578.53,,,,,1799.0,,,,,,,3399.0,4849.0,,5399.99,,,,,,,16499.0,,,,,,,,,1689.99,,,,,,1799.0,,,,,,2799.99,3199.0,,,,,2999.0,,,,4299.99,,4699.0,,,,,5499.0,,,,,15899.99,,,4399.0,,,,1799.0,,,,,,4699.99,,,,,1799.0,,,,,,,,,,6249.0,,,,,13645.22,,,,,,,,,,,,,,,,,,,,5149.48,8299.99,,,,,,,,,,,4199.0,
2021-12-18,3149.99,,578.53,,,,,1799.0,,,,,,,3399.0,4849.0,,5399.99,,,,,,,16499.0,,,,,,,,,1689.99,,,,,,1799.0,,,,,,2799.99,3199.0,,,,,2999.0,,,,4299.99,,4699.0,,,,,5499.0,,,,,15899.99,,,4399.0,,,,1799.0,,,,,,4699.99,,,,,1799.0,,,,,,,,,,6249.0,,,,,13645.22,,,,,,,,,,,,,,,,,,,,5149.48,8299.99,,,,,,,,,,,4199.0,
2021-12-19,3149.99,,578.53,,,,,,,,,,,,3449.0,4999.99,,,,,,,,,16499.0,,,,,,,,,1689.99,,,,,1489.99,1799.0,,,,,,2799.99,3199.0,,,,,2999.0,,,,4399.0,,4499.0,,,,,5999.99,,,,,16499.0,,,4399.0,5499.0,,,1699.0,,,,,,4699.99,,,,,1799.0,910.11,,,,,,,,,,,,,,13645.22,,,,,,,,,,,,,,,,,,,,5140.81,8299.99,,,,,,,,,,,4199.0,
2021-12-20,3149.99,,578.53,,,,,,812.05,,,,,,3449.0,4999.99,,,,,,,,,16499.0,,,,,,,,,1689.99,,,,,1489.99,1799.0,,,,,,2799.99,3199.0,,,,,2999.0,,,,4399.0,,4499.0,,,,,5999.99,,,,,16499.0,,,4399.0,5499.0,,,1699.0,,,,,,4699.99,,,,,,910.11,,,,,,,,,,,,,,13645.22,,,,,,,,,,,,,,,,,,,,5140.81,8299.99,,,,,,,,,,,4199.0,
2021-12-21,3149.99,,578.53,,,,,,,,,,,,3499.0,4999.99,,5399.99,,,,,,,16499.0,,,,,784.36,,,,1689.99,,9499.0,,542.01,1489.99,1799.0,,,,,,2799.99,3199.0,,,,,,,,,4399.0,,4499.0,,,,,5999.99,,,,,15999.0,,,4399.0,6499.99,,1699.0,,,,,,,4699.99,,,,,,1753.8,,,,,,,,,,,,,,,,,,,,,,,,,,,,,,,,,,5136.97,,,,,,,,,,,,4463.66,
2021-12-22,3399.99,,873.0,,,,,,,,,,,,3691.94,4999.99,,5399.99,,,,,,,15999.0,,,,,784.36,,,,1699.0,,,,538.08,1489.99,2526.19,,,,,,2799.99,3199.0,,,,,3640.86,,,,4299.99,,6775.27,,,5399.99,,5999.0,,,,,15499.0,,,4399.0,6499.99,,1949.0,,,,,,,4699.99,,,,,,,,,,,,,,,,,,,,,,,,,,,,,,,,,,,,,,,,5134.56,,,,,,,,,,,,4499.0,
2021-12-23,3399.99,,712.99,,,,,,,,,,,,3691.94,4699.99,,4999.99,,,8299.0,,,,15499.0,,,,,784.36,,,,1699.0,,,,536.91,1489.99,,,,,,,2799.99,3522.0,,,,,,,,,3999.99,,6775.27,,,5499.0,,5999.99,,,,,15499.0,,,,6499.99,,1949.0,,,,,4035.19,,4699.99,,,,,,,,,,,,,,,,,,,,13645.22,,,,,,,,,,,,,,,,,,,,5145.14,,,,,,,,,,,,4468.25,
2021-12-24,3399.99,,712.99,,,,,,,,,,,,3691.94,4699.99,,4999.99,,,8299.0,,,,15499.0,,,,,784.36,,,,1699.0,,,,536.91,1489.99,,,,,,,2799.99,3522.0,,,,,,,,,3999.99,,6775.27,,,5499.0,,5999.99,,,,,15499.0,,,,6499.99,,1949.0,,,,,4035.19,,4699.99,,,,,,,,,,,,,,,,,,,,13645.22,,,,,,,,,,,,,,,,,,,,5145.14,,,,,,,,,,,,4468.25,
2021-12-25,3399.99,,712.99,,,,,,,,,,,,3691.94,4699.99,,4999.99,,,8299.0,,,,15499.0,,,,,784.36,,,,1699.0,,,,536.91,1489.99,,,,,,,2799.99,3522.0,,,,,,,,,3999.99,,6775.27,,,5499.0,,5999.99,,,,,15499.0,,,,6499.99,,1949.0,,,,,4035.19,,4699.99,,,,,,,,,,,,,,,,,,,,13645.22,,,,,,,,,,,,,,,,,,,,5145.14,,,,,,,,,,,,4468.25,
2021-12-26,3399.99,,712.99,,,,,,,,,,,,3691.94,4699.99,,4999.99,,,8299.0,,,,15499.0,,,,,784.36,,,,1699.0,,,,536.91,1489.99,,,,,,,2799.99,3522.0,,,,,,,,,3999.99,,6775.27,,,5499.0,,5999.99,,,,,15499.0,,,,6499.99,,1949.0,,,,,4035.19,,4699.99,,,,,,,,,,,,,,,,,,,,13645.22,,,,,,,,,,,,,,,,,,,,5145.14,,,,,,,,,,,,4468.25,
2021-12-27,3399.99,,712.99,,,,,,,,,,,,3499.99,4849.0,,6956.28,,,8199.99,,,,15999.0,,,,,833.89,,,,1689.99,,,,542.01,1489.99,2519.38,,,,,,,3521.0,3199.0,,,,3698.1,,,,3998.99,,6748.94,,,,4599.99,5799.0,6799.99,,,,14499.99,,,,6499.99,,,,,,,,,4699.99,,,,,,,,,,,,,,,,,,,,12440.66,,,,,,,,,,,,,,,,,,,,5142.74,,,,,,,,,,,,,
2021-12-28,3399.99,,,,,,,,,,2199.0,,,,,4849.0,,6956.28,,,8299.0,,,,15999.0,,,,,833.89,,,,1689.99,,,,542.01,1489.99,2519.38,1549.0,,,,,,3450.0,3049.0,,,,,,,,3998.99,,6718.34,,,,,5799.0,6799.99,,,,14499.99,,,,6499.99,,,,,,,,,4699.99,,,,,,,,,,,,,,,,,,,,12440.4,,,,,,,,,,,,3999.0,,,,,,,,5156.69,,3199.0,,,,,,,,,,,
2021-12-29,3399.99,,740.0,,,,,,,,3503.86,,,,3499.99,4849.0,,,,,12023.65,,,,15999.0,,,,,833.89,,,,1689.99,,,,603.99,1539.0,2530.86,1649.99,,,,,2799.99,3466.0,3049.0,6999.0,,,,,,,3998.99,,,,,,,5799.0,,,,,14499.99,,,,6499.99,,,,,,,,,4699.99,,,,,,,,,,,,,,,,,,,,13645.22,,,,,,,,,,,,3999.99,,,,,,,,5156.69,,,,,,,,,,,,,
2021-12-30,3399.99,,649.64,,,,,,,,3501.52,,,,3499.99,4849.0,,,,,8299.0,,,,15999.0,,,,,833.89,,,,1699.0,,,,586.99,1499.0,2529.17,1649.99,,,,,,3432.0,3049.0,6999.0,,,,,,,3998.99,,,,,,,5799.0,,,,,14999.99,,,,6499.99,,,,,,,,,5453.07,,,,,,,,,,,,,,,,5599.0,,,,12454.64,,,,,,,,,,,,,,,,,,,,5174.49,,3199.0,,,,,,,,,,,
2021-12-31,3399.99,,649.64,,,,,,,,3501.52,,,,3499.99,4849.0,,,,,8299.0,,,,15999.0,,,,,833.89,,,,1699.0,,,,586.99,1499.0,2529.17,1649.99,,,,,,3432.0,3049.0,6999.0,,,,,,,3998.99,,,,,,,5799.0,,,,,14999.99,,,,6499.99,,,,,,,,,5453.07,,,,,,,,,,,,,,,,5599.0,,,,12454.64,,,,,,,,,,,,,,,,,,,,5174.49,,3199.0,,,,,,,,,,,
2022-01-01,,,,,,,,,,,3507.62,,,,3499.99,4849.0,,,,,8299.0,,,,15999.0,,,,,833.89,,,,1699.0,,,,586.99,1499.0,2533.57,1649.99,,1749.99,,,,3439.0,3049.0,6999.0,,,,,,,3999.0,,,,,,,5799.0,,,,,14999.99,,,,,,,,,,,,,5462.58,,,,,,,,,,,,,,,,5599.0,,,,12422.16,,,,,,,,,,,,,,,,,,,,5177.86,,3199.0,,,,,,,,,2999.0,3999.0,
2022-01-02,,,,,,,,,,,3507.62,,,,3499.99,4849.0,,,,,8299.0,,,,15999.0,,,,,833.89,,,,1699.0,,,,586.99,1499.0,2533.57,1649.99,,1749.99,,,,3439.0,3049.0,6999.0,,,,,,,3999.0,,,,,,,5799.0,,,,,14999.99,,,,,,,,,,,,,5462.58,,,,,,,,,,,,,,,,5599.0,,,,12422.16,,,,,,,,,,,,,,,,,,,,5177.86,,3199.0,,,,,,,,,2999.0,3999.0,
2022-01-03,,,,,,,,,,,3507.62,,,,3499.99,4849.0,,,,,8299.0,,,,15999.0,,,,,833.89,,,,1799.0,,,,586.99,1499.0,2533.57,1649.99,,1749.99,,,,,3049.0,6999.0,5749.0,,,,,,3999.0,,,,,,,5799.0,,,,,15499.0,,,,,,,,,,,,,5462.58,,,,,,,,,,,,,,,,5599.0,,,,12422.16,,,,,,,,,,,,,,,,,,,,5199.99,,3199.0,,,,,,,,,2999.0,3999.0,
2022-01-04,,,,,,,,,,,,,,,3499.99,4849.0,,,,,8299.0,,,,16999.99,,,,,833.89,,,,1699.0,,,,586.99,1499.0,2542.1,1649.99,,1799.0,,,,3620.37,3049.0,6999.0,5749.0,,,,,,3999.0,,,,,,,5799.0,,,,,14999.99,,,,,,,,,,,,,,,,,,,,,,,,,,,,,5499.0,,,,12430.54,,,,,,,,,,,,,,,,,,,,5177.86,,3199.0,,,7899.0,,,,,,2999.0,3999.0,
2022-01-05,,,,,,,,,,,,,,,3499.99,6805.46,,,7055.0,,8299.0,,,,24344.75,,,,,833.89,,,,1699.0,,,,586.99,1499.0,2265.74,1649.99,,1799.0,,,,,3049.0,6999.0,6399.99,,,,,,3999.0,,,,,,,5799.0,,,,,14999.99,,7999.0,,,,,,,,,,,,,,,,,,,,,,,,,,,5499.0,,,,13645.22,,,,,,,,,,,,,,,,,,,,6299.99,,,,,7899.0,,,,,,2999.0,3999.0,
2022-01-06,,,,,,,,,,,,,2799.0,,,6879.06,,,,,12098.94,,,,24608.02,,,,,1297.48,,3849.0,,1699.0,,,,586.99,1499.0,,,,2199.13,,,,,3049.0,6999.0,6399.99,,,,,,3999.0,,,5744.81,,,,5799.0,,,,,14999.99,,7999.0,,,,,,,,,,,,,,,,,,,,,,,,,,,6999.99,,,,12432.64,,,,,,,,,,,,,,,,,,,,5200.94,,3199.0,,,7899.0,,,,,,2999.0,3999.0,
2022-01-07,,,,,,,,,,,,,3299.0,,,6879.06,,,,,12098.94,,,,24608.02,,,,,1297.48,,4666.18,,1699.0,,,,586.99,1499.0,,,,2720.35,,,,,3049.0,6999.0,6399.99,,,,,,3999.0,,,5744.81,,,,5799.0,,,,,14999.99,,,,,,,,,,,,,,,,,,,,,,,,,,,3025.0,,5809.99,,,,12403.77,,,,,,,,,,,,,,,,,,,,5200.94,,3199.0,,,7899.0,,,,,,2999.0,3899.0,
2022-01-08,,,,,,,,,,,,,3299.0,,,6879.06,,,,,12098.94,,,,24608.02,,,,,1297.48,,4666.18,,1699.0,,,,586.99,1499.0,,,,2720.35,,,,,3049.0,6999.0,6399.99,,,,,,3999.0,,,5744.81,,,,5799.0,,,,,14999.99,,,,,,,,,,,,,,,,,,,,,,,,,,,3025.0,,5809.99,,,,12403.77,,,,,,,,,,,,,,,,,,,,5200.94,,3199.0,,,7899.0,,,,,,2999.0,3899.0,
2022-01-09,,,,,,,,,,,,,3299.0,,,6879.06,,,,,12098.94,,,,24608.02,,,,,1297.48,,4666.18,,1699.0,,,,586.99,1499.0,,,,2720.35,,,,,3049.0,6999.0,6399.99,,,,,,3999.0,,,5744.81,,,,5799.0,,,,,14999.99,,,,,,,,,,,,,,,,,,,,,,,,,,,3025.0,,5809.99,,,,12403.77,,,,,,,,,,,,,,,,,,,,5200.94,,3199.0,,,7899.0,,,,,,2999.0,3899.0,
2022-01-10,,,,,,,,,,,,,3299.0,,,6913.13,,,6899.0,,,,,,24729.89,,,,,,,5999.0,,2409.0,,,,586.99,1499.0,1996.0,,,2674.38,,,,,,6999.0,,,,,,,3999.0,,,5773.26,,,,5799.0,,,,,,,7999.0,,,,,,,,,,,,,,,,,,,,,,4999.99,,,3999.0,,5809.99,,,,13645.22,,,,,,,,,,,1699.0,,,,,,,,,5208.15,,,,,7899.0,,3649.0,,,,3296.99,3899.0,
2022-01-11,,,,,,,,,,,,,3299.0,,,6942.73,,,,,,,,,24835.81,,,,,,,5999.0,,,,,,586.99,1499.0,,,,2611.21,,,,,,6999.0,,,,,,,3999.0,,,6679.73,,,5149.0,5999.99,,,,,,,7999.0,,,,,,,,5652.49,,,,,,,,,,,,,,4999.99,,,3999.0,,5809.99,,7199.0,,13645.22,,,,,4999.0,,,,,,1699.0,,,,,,,,,,,,,,7899.0,,3649.0,,,,3297.19,3899.0,
2022-01-12,,,,1599.0,,,,,,,,,,,,6952.34,,,6899.0,,,,,,,,,,849.0,,,5999.0,,1699.0,,,,549.0,1499.0,,,,,,,,,,6749.0,,,,,,,3999.0,,,6688.98,,,5149.0,5999.99,,,,,,,7999.0,,,,,,,,5999.99,,,,,,,,,,,,,,4999.99,,,3899.0,,5809.99,,6999.0,,13645.22,,,,,4899.0,,,,,,1926.63,,,,,,,,,,,,,,7899.0,,3649.0,,,,,3899.0,
2022-01-13,,,,,,,,,,,,,,,,6997.84,,,6899.0,,,,,,,,,,849.0,,,,,1699.0,,,10299.0,549.0,1499.0,,,,,,,,,,6749.0,,,,,,,3999.0,,,,,,,5999.99,,,,,14999.0,,7999.0,,,,,,,,5652.49,,,,,,,,,,,,,,4899.0,,,3899.0,,5809.99,,6999.0,,12380.8,,,,,4899.0,,,,,,1939.24,,,,,,,,9127.99,,,3099.0,,,7899.0,,3649.0,,,,,3899.0,
2022-01-14,,,,,1349.0,,,,,,,,,,,7000.77,,,6899.0,,,,,,,,,,829.0,,,,,1699.0,,,10299.0,528.59,1741.99,,,,,,,,,,6749.0,,,,,,,3999.0,,,,,,,6299.99,,,,,14899.99,,9028.99,,,,,,,,5649.99,,,,,,,,,,,,2999.0,,4899.0,,,3899.0,,6094.13,,,,13615.5,,,,,4799.0,,,,,,1940.05,,,,,,,,9049.99,,,,,,7899.0,,3649.0,,,,,3889.99,
2022-01-15,,,,,1349.0,,,,,,,,,,,7000.77,,,6899.0,,,,,,,,,,829.0,,,,,1699.0,,,10299.0,528.59,1741.99,,,,,,,,,,6749.0,,,,,,,3999.0,,,,,,,6299.99,,,,,14899.99,,9028.99,,,,,,,,5649.99,,,,,,,,,,,,2999.0,,4899.0,,,3899.0,,6094.13,,,,13615.5,,,,,4799.0,,,,,,1940.05,,,,,,,,9049.99,,,,,,7899.0,,3649.0,,,,,3889.99,
2022-01-16,,,,,1349.0,,,,,,,,,,,7000.77,,,6899.0,,,,,,,,,,829.0,,,,,1699.0,,,10299.0,528.59,1741.99,,,,,,,,,,6749.0,,,,,,,3999.0,,,,,,,6299.99,,,,,14899.99,,9028.99,,,,,,,,5649.99,,,,,,,,,,,,2999.0,,4899.0,,,3899.0,,6094.13,,,,13615.5,,,,,4799.0,,,,,,1940.05,,,,,,,,9049.99,,,,,,7899.0,,3649.0,,,,,3889.99,
2022-01-17,,,,,1599.0,,,,,,,,,,,7000.77,,,,,,,,,,,,,829.0,,,,,1699.0,,,10299.0,528.59,,,,,,,,,,,6749.0,,,,,,,3999.0,,,,,,,6299.99,,,,,14899.99,,9028.99,,,,,,,,5649.99,,,,,,,,,,,,3399.0,,4599.0,,,3899.0,,6095.11,,,,13999.99,,,,,4799.0,,,,,,1999.0,,,5599.0,,,,,9027.0,,,3099.0,,,7899.0,,3649.0,,,,,3889.99,
2022-01-18,,,,,1599.0,,,,,,,,,,,6979.37,,,,,,,,,,,,,829.0,,,,,2217.71,,,10299.0,528.59,1067.85,,,,,,,,,,6749.0,,,,,,,3999.0,,,,,,,,,,,,14899.99,,8943.99,,,,,,,,5649.99,,,,,,,,,,,,3399.0,4099.0,4599.0,,,3899.0,,5914.99,,,,13645.22,,,,,4799.0,,,,,,1999.0,,,5599.0,,,,4759.12,,,,,,,7899.0,7099.0,,,,,,3889.99,
2022-01-19,,,,,1599.0,,,,,,,,,,,6966.8,,,,,,,,,,,,,829.0,,,,,1699.0,,,10299.0,,1599.0,,,,,,,,,,6749.0,,,,,,,3999.0,,,,,,,,,,,,14899.99,,,,,,,,,,5649.99,,,,,,,,,,,,3399.0,4099.0,4599.0,,,3899.0,,5920.99,,,,12853.5,,,,3382.0,,,,,,,,,,5599.0,,2999.99,,4776.11,,,7999.99,2999.0,,,7899.0,7099.0,,,,,,3889.99,
2022-01-20,,,,,1599.0,,,,,,,,,,,6966.8,,,,,,,,,,,,,829.0,,,,,1699.0,,,10299.0,,1599.0,,,,,,,,,,6749.0,,,,,,,3999.0,,,,,,,,,,,,14899.99,,,,,,,,,,5649.99,,,,,,,,,,,,3399.0,4099.0,4599.0,,,3899.0,,5920.99,,,,12853.5,,,,3382.0,,,,,,,,,,5599.0,,2999.99,,4776.11,,,7999.99,2999.0,,,7899.0,7099.0,,,,,,3889.99,
2022-01-21,,,,,1599.0,,,,,,,,,,,6966.8,,,,,,,,,,,,,829.0,,,,,1699.0,,,10299.0,,1599.0,,,,,,,,,,6749.0,,,,,,,3999.0,,,,,,,,,,,,14899.99,,,,,,,,,,5649.99,,,,,,,,,,,,3399.0,4099.0,4599.0,,,3899.0,,5920.99,,,,12853.5,,,,3382.0,,,,,,,,,,5599.0,,2999.99,,4776.11,,,7999.99,2999.0,,,7899.0,7099.0,,,,,,3889.99,
2022-01-22,,,,,1599.0,,,,,,,,,,,6979.37,,,,,,,,,,,,,829.0,,,,,2217.71,,,10299.0,528.59,1067.85,,,,,,,,,,6749.0,,,,,,,3999.0,,,,,,,,,,,,14899.99,,8943.99,,,,,,,,5649.99,,,,,,,,,,,,3399.0,4099.0,4599.0,,,3899.0,,5914.99,,,,13645.22,,,,,4799.0,,,,,,1999.0,,,5599.0,,,,4759.12,,,,,,,7899.0,7099.0,,,,,,3889.99,
2022-01-23,,,,,1599.0,,,,,,,,,,,6979.37,,,,,,,,,,,,,829.0,,,,,2217.71,,,10299.0,528.59,1067.85,,,,,,,,,,6749.0,,,,,,,3999.0,,,,,,,,,,,,14899.99,,8943.99,,,,,,,,5649.99,,,,,,,,,,,,3399.0,4099.0,4599.0,,,3899.0,,5914.99,,,,13645.22,,,,,4799.0,,,,,,1999.0,,,5599.0,,,,4759.12,,,,,,,7899.0,7099.0,,,,,,3889.99,
2022-01-24,,,,,1599.0,,,,,,,,,,,6979.37,,,,,,,,,,,,,829.0,,,,,2217.71,,,10299.0,528.59,1067.85,,,,,,,,,,6749.0,,,,,,,3999.0,,,,,,,,,,,,14899.99,,8943.99,,,,,,,,5649.99,,,,,,,,,,,,3399.0,4099.0,4599.0,,,3899.0,,5914.99,,,,13645.22,,,,,4799.0,,,,,,1999.0,,,5599.0,,,,4759.12,,,,,,,7899.0,7099.0,,,,,,3889.99,
2022-01-25,,,,,1599.0,,,,,,,,,,,6979.37,,,,,,,,,,,,,829.0,,,,,2217.71,,,10299.0,528.59,1067.85,,,,,,,,,,6749.0,,,,,,,3999.0,,,,,,,,,,,,14899.99,,8943.99,,,,,,,,5649.99,,,,,,,,,,,,3399.0,4099.0,4599.0,,,3899.0,,5914.99,,,,13645.22,,,,,4799.0,,,,,,1999.0,,,5599.0,,,,4759.12,,,,,,,7899.0,7099.0,,,,,,3889.99,
2022-01-26,,,,,1599.0,,,,,,,,,,,6979.37,,,,,,,,,,,,,829.0,,,,,2217.71,,,10299.0,528.59,1067.85,,,,,,,,,,6749.0,,,,,,,3999.0,,,,,,,,,,,,14899.99,,8943.99,,,,,,,,5649.99,,,,,,,,,,,,3399.0,4099.0,4599.0,,,3899.0,,5914.99,,,,13645.22,,,,,4799.0,,,,,,1999.0,,,5599.0,,,,4759.12,,,,,,,7899.0,7099.0,,,,,,3889.99,
2022-01-27,,,,,1599.0,,,,,,,,,,,6966.8,,,,,,,,,,,,,829.0,,,,,1699.0,,,10299.0,,1599.0,,,,,,,,,,6749.0,,,,,,,3999.0,,,,,,,,,,,,14899.99,,,,,,,,,,5649.99,,,,,,,,,,,,3399.0,4099.0,4599.0,,,3899.0,,5920.99,,,,12853.5,,,,3382.0,,,,,,,,,,5599.0,,2999.99,,4776.11,,,7999.99,2999.0,,,7899.0,7099.0,,,,,,3889.99,
2022-01-28,,,,,1599.0,,,,,,,,,,,6966.8,,,,,,,,,,,,,829.0,,,,,1699.0,,,10299.0,,1599.0,,,,,,,,,,6749.0,,,,,,,3999.0,,,,,,,,,,,,14899.99,,,,,,,,,,5649.99,,,,,,,,,,,,3399.0,4099.0,4599.0,,,3899.0,,5920.99,,,,12853.5,,,,3382.0,,,,,,,,,,5599.0,,2999.99,,4776.11,,,7999.99,2999.0,,,7899.0,7099.0,,,,,,3889.99,
2022-01-29,,,,,1599.0,,,,,,,,,,,6966.8,,,,,,,,,,,,,829.0,,,,,1699.0,,,10299.0,,1599.0,,,,,,,,,,6749.0,,,,,,,3999.0,,,,,,,,,,,,14899.99,,,,,,,,,,5649.99,,,,,,,,,,,,3399.0,4099.0,4599.0,,,3899.0,,5920.99,,,,12853.5,,,,3382.0,,,,,,,,,,5599.0,,2999.99,,4776.11,,,7999.99,2999.0,,,7899.0,7099.0,,,,,,3889.99,
2022-01-30,,,,,1599.0,,,,,,,,,,,6966.8,,,,,,,,,,,,,829.0,,,,,1699.0,,,10299.0,,1599.0,,,,,,,,,,6749.0,,,,,,,3999.0,,,,,,,,,,,,14899.99,,,,,,,,,,5649.99,,,,,,,,,,,,3399.0,4099.0,4599.0,,,3899.0,,5920.99,,,,12853.5,,,,3382.0,,,,,,,,,,5599.0,,2999.99,,4776.11,,,7999.99,2999.0,,,7899.0,7099.0,,,,,,3889.99,
2022-01-31,,,,,1599.0,,,,,,,,,,,6966.8,,,,,,,,,,,,,829.0,,,,,1699.0,,,10299.0,,1599.0,,,,,,,,,,6749.0,,,,,,,3999.0,,,,,,,,,,,,14899.99,,,,,,,,,,5649.99,,,,,,,,,,,,3399.0,4099.0,4599.0,,,3899.0,,5920.99,,,,12853.5,,,,3382.0,,,,,,,,,,5599.0,,2999.99,,4776.11,,,7999.99,2999.0,,,7899.0,7099.0,,,,,,3889.99,
2022-02-01,,,,,,,,,,,,,,3483.43,2656.5,,,,,,,,,,16999.99,,,3649.0,,,,,,,,,,,,,,,,,,2403.28,,,5589.5,5599.0,,,,3738.5,,3899.0,,,4699.0,5112.0,,,5549.0,6349.0,7999.99,,6316.0,12999.0,,6849.0,,,5796.99,,,,,,,,,,,,,,,,,,,,4071.61,,3799.0,,,,,,,,,,,4280.5,4565.5,,,,,,,,,,,,,,,,2899.0,,,,,,,3570.0,,,3554.5,
2022-02-02,,,,,,,,,,,,,,3483.43,2656.5,,,,,,,,,,16999.99,,,3649.0,,,,,,,,,,,,,,,,,,2403.28,,,5589.5,5599.0,,,,3738.5,,3899.0,,,4699.0,5112.0,,,5549.0,6349.0,7999.99,,6316.0,12999.0,,6849.0,,,5796.99,,,,,,,,,,,,,,,,,,,,4071.61,,3799.0,,,,,,,,,,,4280.5,4565.5,,,,,,,,,,,,,,,,2899.0,,,,,,,3570.0,,,3554.5,
2022-02-03,,,,,,,,,,,,,,3483.43,2656.5,,,,,,,,,,16999.99,,,3649.0,,,,,,,,,,,,,,,,,,2403.28,,,5589.5,5599.0,,,,3738.5,,3899.0,,,4699.0,5112.0,,,5549.0,6349.0,7999.99,,6316.0,12999.0,,6849.0,,,5796.99,,,,,,,,,,,,,,,,,,,,4071.61,,3799.0,,,,,,,,,,,4280.5,4565.5,,,,,,,,,,,,,,,,2899.0,,,,,,,3570.0,,,3554.5,
2022-02-04,,,,,,,,,,,,,,3483.43,2656.5,,,,,,,,,,16999.99,,,3649.0,,,,,,,,,,,,,,,,,,2403.28,,,5589.5,5599.0,,,,3738.5,,3899.0,,,4699.0,5112.0,,,5549.0,6349.0,7999.99,,6316.0,12999.0,,6849.0,,,5796.99,,,,,,,,,,,,,,,,,,,,4071.61,,3799.0,,,,,,,,,,,4280.5,4565.5,,,,,,,,,,,,,,,,2899.0,,,,,,,3570.0,,,3554.5,
2022-02-05,,,,,,,,,,,,,,3483.43,2656.5,,,,,,,,,,16999.99,,,3649.0,,,,,,,,,,,,,,,,,,2403.28,,,5589.5,5599.0,,,,3738.5,,3899.0,,,4699.0,5112.0,,,5549.0,6349.0,7999.99,,6316.0,12999.0,,6849.0,,,5796.99,,,,,,,,,,,,,,,,,,,,4071.61,,3799.0,,,,,,,,,,,4280.5,4565.5,,,,,,,,,,,,,,,,2899.0,,,,,,,3570.0,,,3554.5,
2022-02-06,,,,,,,,,,,,,,3483.43,2656.5,,,,,,,,,,16999.99,,,3649.0,,,,,,,,,,,,,,,,,,2403.28,,,5589.5,5599.0,,,,3738.5,,3899.0,,,4699.0,5112.0,,,5549.0,6349.0,7999.99,,6316.0,12999.0,,6849.0,,,5796.99,,,,,,,,,,,,,,,,,,,,4071.61,,3799.0,,,,,,,,,,,4280.5,4565.5,,,,,,,,,,,,,,,,2899.0,,,,,,,3570.0,,,3554.5,
2022-02-07,,,,,,,,,,,,,,3483.43,2656.5,,,,,,,,,,16999.99,,,3649.0,,,,,,,,,,,,,,,,,,2403.28,,,5589.5,5599.0,,,,3699.99,,3899.0,,,4699.0,4899.99,,,5549.0,6349.0,7899.99,,6316.0,12999.0,,6849.0,,,6499.0,,,,,,,,,,,,,,,,,,,,4299.99,,3799.0,,,,,,,,,,,4280.5,4565.5,,,,,,,,,,,,,,,,2799.0,,,,,,,3570.0,,,3554.5,
2022-02-08,,,,,,,,,,,,,,,2799.0,,,,,,,,,,16999.99,,,3499.0,,,,,,,,,,,,,,,,,,2403.28,,,5645.0,5499.0,,,,3699.99,3668.0,,5053.2,,4699.0,,4426.99,,5549.0,6349.0,7899.99,,7499.99,,,6849.0,,,6499.0,,,,,,,,,,,,,,,,,,,,4299.99,,3799.0,,,,,,,,,,,4293.5,4579.5,,,,,,,,,,,,,,,,2799.0,,,,,,,3605.5,4160.5,,3499.99,
2022-02-09,,,,,,,,,,,,,,,2799.0,,,,,,,,,,,,2685.0,,,,,,,,,,,,,,,,1619.99,,,2438.5,,,5373.5,5499.0,,,,3069.0,3599.99,,5053.2,,4492.25,,4390.34,,5499.99,5866.0,,,7499.99,,,7208.0,,,5699.0,,,,,,,,,,,,,,,,,,,,4298.99,,3799.0,,,,,,,,,,,4300.0,4587.0,,,,,,,,,,,,,,,,2642.0,,,,,3299.0,,3605.5,4144.5,,3305.23,
